{
  "project_info": {
    "project_number": "1767689945",
    "firebase_url": "https://darkforce-66910.firebaseio.com",
    "project_id": "darkforce-66910",
    "storage_bucket": "darkforce-66910.appspot.com"
  },
  "client": [
    {
      "client_info": {
        "mobilesdk_app_id": "1:1767689945:android:f2cf7840d775e3bb",
        "android_client_info": {
          "package_name": "com.example.farha.darkforce"
        }
      },
      "oauth_client": [
        {
          "client_id": "1767689945-fiit9979ab9sd4nnir1h7jn796r12sjo.apps.googleusercontent.com",
          "client_type": 1,
          "android_info": {
            "package_name": "com.example.farha.darkforce",
            "certificate_hash": "29b28886be0bd48e3d2e8424f20f644626cb1c81"
          }
        },
        {
          "client_id": "1767689945-22ij0rltsb0brp266c486vpdiavh0bql.apps.googleusercontent.com",
          "client_type": 3
        }
      ],
      "api_key": [
        {
          "current_key": "AIzaSyCpkj9Vy7mOyn4HrMhev_mwgxmwkA5bSiY"
        }
      ],
      "services": {
        "analytics_service": {
          "status": 1
        },
        "appinvite_service": {
          "status": 2,
          "other_platform_oauth_client": [
            {
              "client_id": "1767689945-22ij0rltsb0brp266c486vpdiavh0bql.apps.googleusercontent.com",
              "client_type": 3
            }
          ]
        },
        "ads_service": {
          "status": 2
        }
      }
    }
  ],
  "configuration_version": "1"
}